id,category,title,content
1,Service Description,Cloud Hosting Services,"CoreTech offers scalable cloud hosting solutions for businesses of all sizes. Our infrastructure is built on enterprise-grade servers with 99.9% uptime guarantee, automatic backups, and 24/7 monitoring. Plans start from $10/month for startups to enterprise-level custom packages."
2,Service Description,Managed IT Support,"Our Managed IT Support team provides round-the-clock technical assistance to ensure your business runs smoothly. Services include helpdesk support, network monitoring, patch management, and proactive maintenance to prevent downtime before it happens."
3,Service Description,Cybersecurity Solutions,"CoreTech cybersecurity suite includes firewall management, intrusion detection, endpoint protection, and security audits. We help businesses stay compliant with GDPR, HIPAA, and ISO 27001 standards while defending against modern cyber threats."
4,Service Description,Software Development,"We build custom web and mobile applications tailored to your business needs. Our development team uses modern stacks including React, Node.js, Python, and Flutter. We follow agile methodology ensuring transparent communication and timely delivery."
5,Service Description,Data Analytics & Business Intelligence,"CoreTech transforms raw business data into actionable insights through dashboards, reports, and predictive models. We use tools like Power BI, Tableau, and custom Python pipelines to help companies make data-driven decisions."
6,Service Description,Network Infrastructure Setup,"We design and deploy robust network infrastructure including LAN/WAN setup, VPN configuration, Wi-Fi optimization, and hardware procurement. Our certified engineers ensure your network is fast, secure, and scalable."
7,Service Description,IT Consultancy,"Our IT consultants work with your leadership team to align technology strategy with business goals. Services include digital transformation roadmaps, technology audits, vendor selection, and ROI analysis for IT investments."
8,Service Description,DevOps & Cloud Automation,"CoreTech DevOps team implements CI/CD pipelines, container orchestration with Kubernetes, infrastructure as code using Terraform, and automated testing to accelerate your software delivery lifecycle."
9,Service Description,Backup & Disaster Recovery,We provide automated backup solutions and disaster recovery planning to protect your critical business data. Our systems ensure recovery time objectives (RTO) of under 4 hours and recovery point objectives (RPO) of under 1 hour.
10,Service Description,VoIP & Communication Systems,"CoreTech deploys enterprise VoIP systems and unified communication platforms including Microsoft Teams integration, IP PBX setup, video conferencing, and call center solutions for seamless business communication."
11,FAQ,How do I contact CoreTech support?,"You can reach our support team 24/7 via email at support@coretech.com, by phone at +1-800-CORETECH, or through the live chat on our website. Average response time is under 15 minutes."
12,FAQ,What is the SLA for Managed IT Support?,"Our standard Service Level Agreement guarantees a 1-hour response time for critical issues, 4 hours for high-priority tickets, and 8 business hours for medium-priority requests."
13,FAQ,How does CoreTech ensure data security?,"CoreTech employs AES-256 encryption for data at rest and TLS 1.3 for data in transit. We conduct quarterly penetration testing, maintain SOC 2 Type II certification, and follow zero-trust security architecture principles."
14,FAQ,Can I upgrade or downgrade my cloud plan?,"Yes, plan changes can be made at any time through the CoreTech client portal. Upgrades take effect immediately while downgrades apply at the next billing cycle. There are no cancellation fees."
15,FAQ,Does CoreTech offer free trials?,"We offer a 14-day free trial for our Cloud Hosting and Managed IT Support services. No credit card is required to start a trial. After the trial, you can choose any plan or cancel with no obligations."
16,FAQ,What industries does CoreTech serve?,"CoreTech serves healthcare, finance, education, retail, manufacturing, and government. We have specialized compliance expertise for HIPAA in healthcare and PCI-DSS for financial services."
17,FAQ,How long does software development take?,"A basic web application typically takes 4 to 8 weeks, while complex enterprise systems may take 3 to 6 months. We provide a detailed project plan with milestones after the initial discovery phase."
18,FAQ,What happens if my server goes down?,"Our monitoring systems detect outages within 60 seconds and on-call engineers are automatically alerted. For managed hosting clients, we initiate failover procedures immediately and notify clients via SMS and email."
19,FAQ,Do you offer on-site IT support?,"Yes, CoreTech provides on-site IT support for clients in major cities. On-site visits can be scheduled through the client portal or by calling your dedicated account manager."
20,FAQ,How do I reset my CoreTech portal password?,Visit portal.coretech.com and click Forgot Password. Enter your registered email address and you will receive a reset link within 2 minutes. Reset links expire after 30 minutes for security.
21,FAQ,What payment methods does CoreTech accept?,"CoreTech accepts all major credit cards, bank wire transfers, and PayPal for international clients. Invoiced billing on NET-30 terms is available for enterprise and government accounts."
22,FAQ,Can CoreTech migrate my existing systems?,"Yes, we offer full migration services for websites, databases, email systems, and on-premise servers to cloud environments using zero-downtime blue-green deployment strategies."
23,FAQ,Is there a setup fee for new services?,Most CoreTech services have no setup fee. Complex network deployments or custom software projects may include a one-time onboarding fee clearly outlined in your proposal before any agreement is signed.
24,Company Info,About CoreTech,"CoreTech Solutions was founded in 2010 with a mission to make enterprise-grade technology accessible to businesses of all sizes. Headquartered in San Francisco, CA, CoreTech employs over 500 IT professionals across offices in New York, London, Dubai, and Karachi."
25,Company Info,CoreTech Mission & Vision,Our mission is to empower businesses through innovative technology solutions that drive growth and efficiency. Our vision is to be the most trusted technology partner for SMEs and enterprises globally.
26,Company Info,CoreTech Leadership Team,"CoreTech is led by CEO Sarah Mitchell, a veteran technology executive with 20+ years in the industry. The leadership team includes CTO David Chen, COO Priya Sharma, and CFO Marcus Thompson."
27,Company Info,CoreTech Awards & Certifications,"CoreTech holds ISO 27001, SOC 2 Type II, and CMMI Level 3 certifications. We are a Microsoft Gold Partner and AWS Advanced Consulting Partner, and were named Best IT Company of the Year 2023 by TechAwards Global."
28,Company Info,CoreTech Corporate Social Responsibility,"CoreTech operates on 100% renewable energy in our data centers, runs a STEM scholarship program for underprivileged students, and donates 1% of annual profits to digital literacy programs in developing nations."
29,Company Info,CoreTech Partner Ecosystem,"CoreTech partners with Microsoft, AWS, Google Cloud, Cisco, and Dell Technologies. These partnerships allow us to offer clients best-in-class technology at negotiated rates with priority vendor support."
30,Company Info,CoreTech Office Locations,CoreTech global offices: HQ in San Francisco CA USA | New York NY | London UK | Dubai DIFC | Karachi Dolmen City Clifton. Each office provides local support and sales for regional clients.
31,Service Description,Email & Microsoft 365 Management,"CoreTech manages Microsoft 365 and Google Workspace deployments including email hosting, SharePoint, Teams, OneDrive, and license management. We handle migrations, user provisioning, and ongoing administration."
32,FAQ,How does billing work for cloud services?,"Cloud services are billed monthly based on actual resource consumption. You receive a detailed invoice on the 1st of each month showing compute, storage, and bandwidth usage. Budget alerts can be configured to control spending."
33,FAQ,Does CoreTech provide employee IT training?,"Yes, we offer IT training workshops covering cybersecurity awareness, Microsoft 365, cloud tools, and productivity software. Training can be conducted on-site, virtually, or through our self-paced online learning portal."
34,Company Info,CoreTech Data Center Infrastructure,"CoreTech operates Tier 3 data centers in the US, UK, and UAE with redundant power supplies, cooling systems, and fiber connectivity. Each facility has biometric access, 24/7 CCTV surveillance, and on-site security personnel."
